name,website_url,google_rating,review_count,notes
Golden Rule Plumbing Heating Cooling & Electrical,https://goldenrulephc.com/,4.9,9230,Top competitor - study this site
Schaal Plumbing Heating and Cooling,https://callschaalyaall.com/,4.9,8272,Great branding
Service Legends Heating & Cooling Plumbing & Electrical,https://www.servicelegends.com/,4.9,5429,Multi-service
Greens Appliance Heating & Cooling,https://greensahc.com/,4.9,4064,Clean design
Bell Brothers Heating Cooling & Plumbing,https://bellbrothers.com/,4.9,3849,UTM tracking in Maps
Holt Plumbing & Heating Inc,https://holtplumbingandheating.com/,4.8,3486,Local strong
Mendel Plumbing Heating & Electric,https://www.callmendel.com/,4.9,2835,Good SEO
Clog Busters Drain Cleaning & Repair,https://clogbusters.co/,4.9,2815,Niche focused
Kohles & Bach Heating & Cooling,https://www.kohlesandbach.com/,4.9,2367,Professional
Lazer Home Services,https://lazerhomeservices.com/,4.8,2213,Modern design
Lenz Heating & Cooling,https://lenzmechanical.com/,4.9,1835,Clean
Lozier Heating & Cooling,https://www.lozierheatingcooling.com/,4.9,1604,Good reviews
True Comfort Heating Cooling and Plumbing,https://www.truecomfortiowa.com/,5.0,1015,Perfect rating
1-Tom-Plumber,https://1tomplumber.com/,4.9,770,National brand
H & H Plumbing Inc,https://www.hhplumbinginc.com/,4.9,589,Local favorite
