name,address,city,state,zip,phone,has_website,website_url,google_rating,review_count,status,notes,last_contacted
Streamline Plumbing LLC,1513 NW 8th St,Grimes,IA,50111,(515) 779-0247,NO,,5.0,133,NEW,,
Bob's Sewerooter Services,4677 NE 38th St,Des Moines,IA,50317,(515) 262-6520,NO,,4.8,126,NEW,,
Mark's Drain & Plumbing Repair,120 Northview Dr,Waukee,IA,50263,(515) 537-0006,NO,,4.7,48,NEW,,
Hulgan Plumbing & Heating Co,801 1st Ave,Perry,IA,50220,(515) 465-3030,NO,,4.3,42,NEW,,
Rozendaal Drain Cleaning Inc,503 N 2nd Ct,Sully,IA,50251,(641) 990-5215,NO,,4.8,29,NEW,,
Doug's Plumbing & Heating,2164 IA-25,Guthrie Center,IA,50115,(641) 332-2198,NO,,4.4,28,NEW,,
Bee Line Sewer Cleaning,Des Moines,Des Moines,IA,50311,(515) 225-4843,NO,,4.0,27,NEW,,
R & D Plumbing,302 1st Ave N,Altoona,IA,50009,(515) 967-3957,NO,,4.0,25,NEW,,
Affordable Drain Services Jet Surge,Indianola,Indianola,IA,50125,(515) 961-9843,NO,,3.4,17,NEW,,
Pleva Mechanical Inc,13420 Bittersweet Rd,Woodward,IA,50276,(515) 438-2279,NO,,4.7,15,NEW,,
Elite Electric & Utility Contractors,1403 Sugar Grove Ave,Dallas Center,IA,50063,(515) 992-3222,NO,,3.5,14,NEW,,
Broich Plumbing LLC,2502 SW 31st St,Ankeny,IA,50023,(515) 229-8635,NO,,3.4,10,NEW,,
G & R Plumbing,Waukee,Waukee,IA,50263,(515) 987-1008,NO,,5.0,8,NEW,,
Deremiah Plumbing,1070 45th St,Des Moines,IA,50311,(515) 710-7997,NO,,4.1,7,NEW,,
Practical Plumbing Heating & Cooling LLC,12045 NE 68th St,Bondurant,IA,50035,(515) 964-1070,NO,,5.0,7,NEW,,
Golden Rule Plumbing Heating & Cooling,102 N Jefferson Way,Indianola,IA,50125,(888) 986-2424,NO,,3.9,7,NEW,,
Lifestyle Plumbing,707 Collins Dr,Waukee,IA,50263,(515) 987-4193,NO,,5.0,6,NEW,,
mikes plumbing & backhoe service llc,3802 25th Ave,Cumming,IA,50061,(515) 208-3681,NO,,3.7,6,NEW,,
Bendon Plumbing Heating and AC,717 W 2nd Ave,Indianola,IA,50125,(515) 962-5016,NO,,4.3,6,NEW,,
G & S Plumbing,8090 NE 30th Pl,Altoona,IA,50009,(515) 975-7515,NO,,4.4,5,NEW,,
Above the Radar Resource,405 3rd St NE,Mitchellville,IA,50169,(515) 202-6632,NO,,4.0,5,NEW,,
Des Moines Plumbing,3419 1st St UNIT 7,Des Moines,IA,50313,(515) 346-6891,NO,,4.3,4,NEW,,
10G Heating Cooling Plumbing,265 Garfield Ave,Elkhart,IA,50073,(641) 373-2174,NO,,5.0,4,NEW,,
Kevin's Plumbing,325 N Market St,Madrid,IA,50156,(515) 795-4050,NO,,5.0,3,NEW,,
Drain Pro Plumbing,325 N Market St,Madrid,IA,50156,(515) 402-8929,NO,,5.0,2,NEW,,
Sneller Plumbing Heating Services,110 N Marshall St,Prairie City,IA,50228,(515) 994-2283,NO,,2.5,2,NEW,,
Clarks Plumbing Inc,608 N NW 8th St,Grimes,IA,50111,(515) 986-4545,NO,,5.0,1,NEW,,
Walls Plumbing & Handyman Services,600 E 4th St N,Newton,IA,50208,(641) 275-7252,NO,,5.0,1,NEW,,
Golden Rule Plumbing,Norwalk,Norwalk,IA,50211,(515) 981-5710,NO,,N/A,0,NEW,,
Madison County Plumbing Heating,108 W Jefferson St,Winterset,IA,50273,(515) 462-3467,NO,,N/A,0,NEW,,
Carstens Plumbing & Heating & AC,307 SE 4th St,Panora,IA,50216,(641) 755-3805,NO,,N/A,0,NEW,,
Firebaugh Plumbing,406 NE 2nd St,Panora,IA,50216,(641) 755-3665,NO,,N/A,0,NEW,,
TLI Plumbing LLC,196 50th Ave,Prairie City,IA,50228,(515) 238-2977,NO,,N/A,0,NEW,,
